{
	"Smithfield_90nm":
	[
		{"id":"Smithfield_90nm", "freq": "2.8", "1": 0.436986297, "2": 0.243066210, "3": 0.156916547, "4": 0.146006035, "5": 0.126779404, "6": 0.098939722, "7": 0.090907788, "8": 0.072698569, "9": 0.071502152, "10": 0.068519295, "11": 0.048966586, "12": 0.067325858, "13": 0.039527810, "14": 0.044879066, "15": 0.040522600, "16": 0.043318556, "17": 0.033344219, "18": 0.033909225, "19": 0.031349978, "20": 0.030432097, "21": 0.036173168, "22": 0.031214303, "23": 0.023024165, "24": 0.027149855, "25": 0.026066836, "26": 0.022594594, "27": 0.024510067, "28": 0.026894596, "29": 0.019444467, "30": 0.024791587, "31": 0.019497654}
	],
	"Smithfield_65nm":
	[
		{"id":"Smithfield_65nm", "freq": "2.8", "1": 0.436986297, "2": 0.243066210, "3": 0.156916547, "4": 0.146006035, "5": 0.126779404, "6": 0.098939722, "7": 0.090907788, "8": 0.072698569, "9": 0.071502152, "10": 0.068519295, "11": 0.048966586, "12": 0.067325858, "13": 0.039527810, "14": 0.044879066, "15": 0.040522600, "16": 0.043318556, "17": 0.033344219, "18": 0.033909225, "19": 0.031349978, "20": 0.030432097, "21": 0.036173168, "22": 0.031214303, "23": 0.023024165, "24": 0.027149855, "25": 0.026066836, "26": 0.022594594, "27": 0.024510067, "28": 0.026894596, "29": 0.019444467, "30": 0.024791587, "31": 0.019497654}
	],
	"Smithfield_45nm":
	[
		{"id":"Smithfield_45nm", "freq": "2.8", "1": 0.436986297, "2": 0.243066210, "3": 0.156916547, "4": 0.146006035, "5": 0.126779404, "6": 0.098939722, "7": 0.090907788, "8": 0.072698569, "9": 0.071502152, "10": 0.068519295, "11": 0.048966586, "12": 0.067325858, "13": 0.039527810, "14": 0.044879066, "15": 0.040522600, "16": 0.043318556, "17": 0.033344219, "18": 0.033909225, "19": 0.031349978, "20": 0.030432097, "21": 0.036173168, "22": 0.031214303, "23": 0.023024165, "24": 0.027149855, "25": 0.026066836, "26": 0.022594594, "27": 0.024510067, "28": 0.026894596, "29": 0.019444467, "30": 0.024791587, "31": 0.019497654}
	],
	"Smithfield_32nm":
	[
		{"id":"Smithfield_32nm", "freq": "2.8", "1": 0.436986297, "2": 0.243066210, "3": 0.156916547, "4": 0.146006035, "5": 0.126779404, "6": 0.098939722, "7": 0.090907788, "8": 0.072698569, "9": 0.071502152, "10": 0.068519295, "11": 0.048966586, "12": 0.067325858, "13": 0.039527810, "14": 0.044879066, "15": 0.040522600, "16": 0.043318556, "17": 0.033344219, "18": 0.033909225, "19": 0.031349978, "20": 0.030432097, "21": 0.036173168, "22": 0.031214303, "23": 0.023024165, "24": 0.027149855, "25": 0.026066836, "26": 0.022594594, "27": 0.024510067, "28": 0.026894596, "29": 0.019444467, "30": 0.024791587, "31": 0.019497654}
	],
	"Smithfield_22nm":
	[
		{"id":"Smithfield_22nm", "freq": "2.8", "1": 0.436986297, "2": 0.243066210, "3": 0.156916547, "4": 0.146006035, "5": 0.126779404, "6": 0.098939722, "7": 0.090907788, "8": 0.072698569, "9": 0.071502152, "10": 0.068519295, "11": 0.048966586, "12": 0.067325858, "13": 0.039527810, "14": 0.044879066, "15": 0.040522600, "16": 0.043318556, "17": 0.033344219, "18": 0.033909225, "19": 0.031349978, "20": 0.030432097, "21": 0.036173168, "22": 0.031214303, "23": 0.023024165, "24": 0.027149855, "25": 0.026066836, "26": 0.022594594, "27": 0.024510067, "28": 0.026894596, "29": 0.019444467, "30": 0.024791587, "31": 0.019497654}
	],
	"Quark_x1000_32nm":
	[
		{"id":"Quark_x1000_32nm","freq": "0.4", "1": 0.378211324, "2": 0.204264020, "3": 0.136359375, "4": 0.106657622, "5": 0.090248887, "6": 0.076776683, "7": 0.062023209, "8": 0.056544756, "9": 0.049518198, "10": 0.047963655, "11": 0.040308986, "12": 0.038503265, "13": 0.033990111, "14": 0.033847295, "15": 0.030555450, "16": 0.028935987, "17": 0.025806105, "18": 0.026754831, "19": 0.024869302, "20": 0.025490529, "21": 0.025239136, "22": 0.022560204, "23": 0.019369250, "24": 0.020397249, "25": 0.018565074, "26": 0.017431803, "27": 0.017651991, "28": 0.018155828, "29": 0.015238372, "30": 0.017128998, "31": 0.014480327}
	],
	"Quark_x1000_22nm":
	[
		{"id":"Quark_x1000_22nm","freq": "0.4", "1": 0.378211324, "2": 0.204264020, "3": 0.136359375, "4": 0.106657622, "5": 0.090248887, "6": 0.076776683, "7": 0.062023209, "8": 0.056544756, "9": 0.049518198, "10": 0.047963655, "11": 0.040308986, "12": 0.038503265, "13": 0.033990111, "14": 0.033847295, "15": 0.030555450, "16": 0.028935987, "17": 0.025806105, "18": 0.026754831, "19": 0.024869302, "20": 0.025490529, "21": 0.025239136, "22": 0.022560204, "23": 0.019369250, "24": 0.020397249, "25": 0.018565074, "26": 0.017431803, "27": 0.017651991, "28": 0.018155828, "29": 0.015238372, "30": 0.017128998, "31": 0.014480327}
	],
	"ARM_A53_22nm":
	[
		{"id":"ARM_A53_22nm", "freq": "1.6", "1": 0.401692029, "2": 0.226508447, "3": 0.145881026, "4": 0.118877871, "5": 0.109952946, "6": 0.097330838, "7": 0.072227295, "8": 0.068322500, "9": 0.067285363, "10": 0.060811817, "11": 0.048505402, "12": 0.047226277, "13": 0.037343977, "14": 0.047422025, "15": 0.043031148, "16": 0.029182490, "17": 0.028982579, "18": 0.030661413, "19": 0.030716465, "20": 0.029175500, "21": 0.032115361, "22": 0.027007640, "23": 0.022237401, "24": 0.023746270, "25": 0.024890982, "26": 0.020357788, "27": 0.023512020, "28": 0.022178230, "29": 0.017080418, "30": 0.020134415, "31": 0.016783456}
	],
	"ARM_A57_22nm":
	[
		{"id":"ARM_A57_22nm", "freq": "2.0", "1": 0.34407234, "2": 0.19279107, "3": 0.13813700, "4": 0.11562608, "5": 0.10208465, "6": 0.10319784, "7": 0.07103384, "8": 0.06602764, "9": 0.06283771, "10": 0.05571305, "11": 0.04559232, "12": 0.04847187, "13": 0.04129912, "14": 0.04472041, "15": 0.03780825, "16": 0.03304549, "17": 0.03269393, "18": 0.03463534, "19": 0.03349150, "20": 0.03119813, "21": 0.03392933, "22": 0.03112504, "23": 0.02422324, "24": 0.02790524, "25": 0.02736581, "26": 0.02338261, "27": 0.02227767, "28": 0.01903420, "29": 0.01903420, "30": 0.02492908, "31": 0.01768956}
	],
	"Atom_Silvermont_22nm":
	[
		{"id":"Atom_Silvermont_22nm", "freq": "0.5", "1": 0.395343558, "2": 0.219837319, "3": 0.143833471, "4": 0.129748109, "5": 0.108454223, "6": 0.097326428, "7": 0.070797457, "8": 0.064050793, "9": 0.060397130, "10": 0.063517694, "11": 0.044737510, "12": 0.043030267, "13": 0.037544053, "14": 0.041652487, "15": 0.037788717, "16": 0.031976523, "17": 0.030495431, "18": 0.030245355, "19": 0.031208460, "20": 0.027650140, "21": 0.031138198, "22": 0.026573531, "23": 0.022439895, "24": 0.023196418, "25": 0.025044974, "26": 0.020398275, "27": 0.023627391, "28": 0.020832075, "29": 0.017339397, "30": 0.020273935, "31": 0.017047928}
	]
}
