{
	"Smithfield_90nm":
	[
		{"id":"Smithfield_90nm", "freq": "2.8", "1": 0.60,"2": 0.3240264263,"3": 0.2231663038,"4": 0.1819005085,"5": 0.1571870059,"6": 0.1366543833,"7": 0.1173467955,"8": 0.1153535113,"9": 0.1056799002,"10": 0.1050256131,"11": 0.09485748955,"12": 0.09081042835,"13": 0.08550561339,"14": 0.09008796214,"15": 0.08551898473,"16": 0.08088751203,"17": 0.08069113639,"18": 0.08093132096,"19": 0.07530743589,"20": 0.08016771072,"21": 0.08548626583,"22": 0.07989813336,"23": 0.07573062476,"24": 0.07010436719,"25": 0.06048944574,"26": 0.06904899486,"27": 0.07088789563,"28": 0.09399660994,"29": 0.09072378901,"30": 0.0763523131,"31": 0.07158696005}
	],
	"Quark_x1000_32nm":
	[
	    	{"id":"Quark_x1000_32nm","freq": "0.4", "1": 0.7625286827,"2": 0.3871095991,"3": 0.2705164501,"4": 0.2185742789,"5": 0.194665656,"6": 0.1493131501,"7": 0.1299597497,"8": 0.1191274809,"9": 0.1133201121,"10": 0.109084348,"11": 0.1028374616,"12": 0.08796078175,"13": 0.09816550612,"14": 0.08804385644,"15": 0.09848961363,"16": 0.08833751158,"17": 0.09234296409,"18": 0.07843243336,"19": 0.07715744109,"20": 0.06830925944,"21": 0.09261824006,"22": 0.07797871104,"23": 0.08205736528,"24": 0.06721576201,"25": 0.07284316024,"26": 0.0775493589,"27": 0.0831515387,"28": 0.07747084216,"29": 0.07772971309,"30": 0.06811440805,"31": 0.06773388745}
	],
	"ARM_A53_22nm":
	[
	    	{"id":"ARM_A53_22nm", "freq": "1.6", "1": 0.6166079831,"2": 0.3212952837,"3": 0.23506451,"4": 0.1835832839,"5": 0.1536362898,"6": 0.1272227278,"7": 0.1269421368,"8": 0.1066714188,"9": 0.1014950928,"10": 0.09725401366,"11": 0.09127282273,"12": 0.086651223,"13": 0.08656731484,"14": 0.07703591796,"15": 0.09370001695,"16": 0.08176202004,"17": 0.07737757117,"18": 0.07756057548,"19": 0.07742669512,"20": 0.0764830995,"21": 0.07204147037,"22": 0.07674235401,"23": 0.06726692034,"24": 0.08591843394,"25": 0.07260302114,"26": 0.06191829645,"27": 0.07118664804,"28": 0.06201056811,"29": 0.08784640041,"30": 0.0777434223,"31": 0.07300214702}
	],
	"ARM_A57_22nm":
	[
		{"id":"ARM_A57_22nm", "freq": "2.0", "1": 0.612302537,"2": 0.321654358,"3": 0.2209520987,"4": 0.1743191067,"5": 0.14898188,"6": 0.1334559356,"7": 0.123198589,"8": 0.1078422923,"9": 0.1080092604,"10": 0.102708251,"11": 0.1038398735,"12": 0.08784113689,"13": 0.09252145592,"14": 0.07951989407,"15": 0.0885335491,"16": 0.08277045387,"17": 0.07354175163,"18": 0.08245090431,"19": 0.08497984479,"20": 0.07314065162,"21": 0.08293440301,"22": 0.07780341016,"23": 0.07430385241,"24": 0.07793075844,"25": 0.07745949042,"26": 0.06789833194,"27": 0.06287410797,"28": 0.07709499128,"29": 0.07374365361,"30": 0.07402007024,"31": 0.06908392878}
	],
	"Atom_Silvermont_22nm":
	[
		{"id":"Atom_Silvermont_22nm", "freq": "0.5", "1": 0.7229564194,"2": 0.3677897659,"3": 0.2559485986,"4": 0.1949256528,"5": 0.1744147502,"6": 0.154526077,"7": 0.1343579535,"8": 0.1199106258,"9": 0.1143930301,"10": 0.09950032877,"11": 0.0947415078,"12": 0.09420235307,"13": 0.08434458215,"14": 0.08860320698,"15": 0.08370215693,"16": 0.08824676416,"17": 0.07870466084,"18": 0.07805038852,"19": 0.07821433766,"20": 0.07316186155,"21": 0.06884605645,"22": 0.07367542903,"23": 0.07756006534,"24": 0.06835573327,"25": 0.07328086111,"26": 0.07278901368,"27": 0.07340053666,"28": 0.07299108793,"29": 0.06872023242,"30": 0.07852006601,"31": 0.06336811016}
	] 
}

